date,version,bot_file,opponent,seed,reward,status,notes
2026-05-22,V1_baseline,versions/v1_baseline.py,random,0,-1,1,loss,DONE,DONE,
2026-05-22,V1_baseline,versions/v1_baseline.py,random,1,1,-1,win,DONE,DONE,
2026-05-22,V1_baseline,versions/v1_baseline.py,random,2,1,-1,win,DONE,DONE,
2026-05-22,V1_baseline,versions/v1_baseline.py,random,3,-1,1,loss,DONE,DONE,
2026-05-22,V1_baseline,versions/v1_baseline.py,random,4,1,-1,win,DONE,DONE,
2026-05-22,V1_baseline,versions/v1_baseline.py,random,5,1,-1,win,DONE,DONE,
2026-05-22,V1_baseline,versions/v1_baseline.py,random,6,1,-1,win,DONE,DONE,
2026-05-22,V1_baseline,versions/v1_baseline.py,random,7,1,-1,win,DONE,DONE,
2026-05-22,V1_baseline,versions/v1_baseline.py,random,8,1,-1,win,DONE,DONE,
2026-05-22,V1_baseline,versions/v1_baseline.py,random,9,-1,1,loss,DONE,DONE,
