date,bot_name,bot_file,opponent,seed,result,my_reward,opponent_reward,my_status,opponent_status
2026/05/24,V1_baseline,versions/v1_baseline.py,versions/opponent_strong.py,0,loss,-1,1,DONE,DONE
2026/05/24,V1_baseline,versions/v1_baseline.py,versions/opponent_strong.py,1,loss,-1,1,DONE,DONE
2026/05/24,V1_baseline,versions/v1_baseline.py,versions/opponent_strong.py,2,loss,-1,1,DONE,DONE
2026/05/24,V1_baseline,versions/v1_baseline.py,versions/opponent_strong.py,3,loss,-1,1,DONE,DONE
2026/05/24,V1_baseline,versions/v1_baseline.py,versions/opponent_strong.py,4,loss,-1,1,DONE,DONE
2026/05/24,V1_baseline,versions/v1_baseline.py,versions/opponent_strong.py,5,loss,-1,1,DONE,DONE
2026/05/24,V1_baseline,versions/v1_baseline.py,versions/opponent_strong.py,6,loss,-1,1,DONE,DONE
2026/05/24,V1_baseline,versions/v1_baseline.py,versions/opponent_strong.py,7,loss,-1,1,DONE,DONE
2026/05/24,V1_baseline,versions/v1_baseline.py,versions/opponent_strong.py,8,loss,-1,1,DONE,DONE
2026/05/24,V1_baseline,versions/v1_baseline.py,versions/opponent_strong.py,9,win,1,-1,DONE,DONE
2026/05/28,V2_expansion,versions/v2_expansion.py,versions/opponent_strong.py,0,win,1,-1,DONE,DONE
2026/05/28,V2_expansion,versions/v2_expansion.py,versions/opponent_strong.py,1,win,1,-1,DONE,DONE
2026/05/28,V2_expansion,versions/v2_expansion.py,versions/opponent_strong.py,2,win,1,-1,DONE,DONE
2026/05/28,V2_expansion,versions/v2_expansion.py,versions/opponent_strong.py,3,loss,-1,1,DONE,DONE
2026/05/28,V2_expansion,versions/v2_expansion.py,versions/opponent_strong.py,4,loss,-1,1,DONE,DONE
2026/05/28,V2_expansion,versions/v2_expansion.py,versions/opponent_strong.py,5,loss,-1,1,DONE,DONE
2026/05/28,V2_expansion,versions/v2_expansion.py,versions/opponent_strong.py,6,win,1,-1,DONE,DONE
2026/05/28,V2_expansion,versions/v2_expansion.py,versions/opponent_strong.py,7,loss,-1,1,DONE,DONE
2026/05/28,V2_expansion,versions/v2_expansion.py,versions/opponent_strong.py,8,win,1,-1,DONE,DONE
2026/05/28,V2_expansion,versions/v2_expansion.py,versions/opponent_strong.py,9,win,1,-1,DONE,DONE
2026/05/28,V2_expansion,versions/v2_expansion.py,versions/opponent_strong.py,10,loss,-1,1,DONE,DONE
2026/05/28,V2_expansion,versions/v2_expansion.py,versions/opponent_strong.py,11,win,1,-1,DONE,DONE
2026/05/28,V2_expansion,versions/v2_expansion.py,versions/opponent_strong.py,12,win,1,-1,DONE,DONE
2026/05/28,V2_expansion,versions/v2_expansion.py,versions/opponent_strong.py,13,loss,-1,1,DONE,DONE
2026/05/28,V2_expansion,versions/v2_expansion.py,versions/opponent_strong.py,14,win,1,-1,DONE,DONE
2026/05/28,V2_expansion,versions/v2_expansion.py,versions/opponent_strong.py,15,loss,-1,1,DONE,DONE
2026/05/28,V2_expansion,versions/v2_expansion.py,versions/opponent_strong.py,16,loss,-1,1,DONE,DONE
2026/05/28,V2_expansion,versions/v2_expansion.py,versions/opponent_strong.py,17,loss,-1,1,DONE,DONE
2026/05/28,V2_expansion,versions/v2_expansion.py,versions/opponent_strong.py,18,loss,-1,1,DONE,DONE
2026/05/28,V2_expansion,versions/v2_expansion.py,versions/opponent_strong.py,19,win,1,-1,DONE,DONE
2026/05/28,V2_expansion,versions/v2_expansion.py,versions/opponent_strong.py,20,loss,-1,1,DONE,DONE
2026/05/28,V2_expansion,versions/v2_expansion.py,versions/opponent_strong.py,21,loss,-1,1,DONE,DONE
2026/05/28,V2_expansion,versions/v2_expansion.py,versions/opponent_strong.py,22,win,1,-1,DONE,DONE
2026/05/28,V2_expansion,versions/v2_expansion.py,versions/opponent_strong.py,23,loss,-1,1,DONE,DONE
2026/05/28,V2_expansion,versions/v2_expansion.py,versions/opponent_strong.py,24,loss,-1,1,DONE,DONE
2026/05/28,V2_expansion,versions/v2_expansion.py,versions/opponent_strong.py,25,loss,-1,1,DONE,DONE
2026/05/28,V2_expansion,versions/v2_expansion.py,versions/opponent_strong.py,26,loss,-1,1,DONE,DONE
2026/05/28,V2_expansion,versions/v2_expansion.py,versions/opponent_strong.py,27,win,1,-1,DONE,DONE
2026/05/28,V2_expansion,versions/v2_expansion.py,versions/opponent_strong.py,28,win,1,-1,DONE,DONE
2026/05/28,V2_expansion,versions/v2_expansion.py,versions/opponent_strong.py,29,loss,-1,1,DONE,DONE
2026/05/28,V2_expansion,versions/v2_expansion.py,versions/opponent_strong.py,30,loss,-1,1,DONE,DONE
2026/05/28,V2_expansion,versions/v2_expansion.py,versions/opponent_strong.py,31,win,1,-1,DONE,DONE
2026/05/28,V2_expansion,versions/v2_expansion.py,versions/opponent_strong.py,32,win,1,-1,DONE,DONE
2026/05/28,V2_expansion,versions/v2_expansion.py,versions/opponent_strong.py,33,loss,-1,1,DONE,DONE
2026/05/28,V2_expansion,versions/v2_expansion.py,versions/opponent_strong.py,34,win,1,-1,DONE,DONE
2026/05/28,V2_expansion,versions/v2_expansion.py,versions/opponent_strong.py,35,win,1,-1,DONE,DONE
2026/05/28,V2_expansion,versions/v2_expansion.py,versions/opponent_strong.py,36,loss,-1,1,DONE,DONE
2026/05/28,V2_expansion,versions/v2_expansion.py,versions/opponent_strong.py,37,win,1,-1,DONE,DONE
2026/05/28,V2_expansion,versions/v2_expansion.py,versions/opponent_strong.py,38,win,1,-1,DONE,DONE
2026/05/28,V2_expansion,versions/v2_expansion.py,versions/opponent_strong.py,39,loss,-1,1,DONE,DONE
2026/05/28,V2_expansion,versions/v2_expansion.py,versions/opponent_strong.py,40,loss,-1,1,DONE,DONE
2026/05/28,V2_expansion,versions/v2_expansion.py,versions/opponent_strong.py,41,loss,-1,1,DONE,DONE
2026/05/28,V2_expansion,versions/v2_expansion.py,versions/opponent_strong.py,42,loss,-1,1,DONE,DONE
2026/05/28,V2_expansion,versions/v2_expansion.py,versions/opponent_strong.py,43,win,1,-1,DONE,DONE
2026/05/28,V2_expansion,versions/v2_expansion.py,versions/opponent_strong.py,44,win,1,-1,DONE,DONE
2026/05/28,V2_expansion,versions/v2_expansion.py,versions/opponent_strong.py,45,win,1,-1,DONE,DONE
2026/05/28,V2_expansion,versions/v2_expansion.py,versions/opponent_strong.py,46,loss,-1,1,DONE,DONE
2026/05/28,V2_expansion,versions/v2_expansion.py,versions/opponent_strong.py,47,loss,-1,1,DONE,DONE
2026/05/28,V2_expansion,versions/v2_expansion.py,versions/opponent_strong.py,48,loss,-1,1,DONE,DONE
2026/05/28,V2_expansion,versions/v2_expansion.py,versions/opponent_strong.py,49,win,1,-1,DONE,DONE
2026/05/28,V2_expansion,versions/v2_expansion.py,versions/opponent_strong.py,50,loss,-1,1,DONE,DONE
2026/05/28,V2_expansion,versions/v2_expansion.py,versions/opponent_strong.py,51,loss,-1,1,DONE,DONE
2026/05/28,V2_expansion,versions/v2_expansion.py,versions/opponent_strong.py,52,loss,-1,1,DONE,DONE
2026/05/28,V2_expansion,versions/v2_expansion.py,versions/opponent_strong.py,53,loss,-1,1,DONE,DONE
2026/05/28,V2_expansion,versions/v2_expansion.py,versions/opponent_strong.py,54,win,1,-1,DONE,DONE
2026/05/28,V2_expansion,versions/v2_expansion.py,versions/opponent_strong.py,55,win,1,-1,DONE,DONE
2026/05/28,V2_expansion,versions/v2_expansion.py,versions/opponent_strong.py,56,win,1,-1,DONE,DONE
2026/05/28,V2_expansion,versions/v2_expansion.py,versions/opponent_strong.py,57,loss,-1,1,DONE,DONE
2026/05/28,V2_expansion,versions/v2_expansion.py,versions/opponent_strong.py,58,win,1,-1,DONE,DONE
2026/05/28,V2_expansion,versions/v2_expansion.py,versions/opponent_strong.py,59,win,1,-1,DONE,DONE
2026/05/28,V2_expansion,versions/v2_expansion.py,versions/opponent_strong.py,60,loss,-1,1,DONE,DONE
2026/05/28,V2_expansion,versions/v2_expansion.py,versions/opponent_strong.py,61,win,1,-1,DONE,DONE
2026/05/28,V2_expansion,versions/v2_expansion.py,versions/opponent_strong.py,62,win,1,-1,DONE,DONE
2026/05/28,V2_expansion,versions/v2_expansion.py,versions/opponent_strong.py,63,win,1,-1,DONE,DONE
2026/05/28,V2_expansion,versions/v2_expansion.py,versions/opponent_strong.py,64,win,1,-1,DONE,DONE
2026/05/28,V2_expansion,versions/v2_expansion.py,versions/opponent_strong.py,65,win,1,-1,DONE,DONE
2026/05/28,V2_expansion,versions/v2_expansion.py,versions/opponent_strong.py,66,win,1,-1,DONE,DONE
2026/05/28,V2_expansion,versions/v2_expansion.py,versions/opponent_strong.py,67,loss,-1,1,DONE,DONE
2026/05/28,V2_expansion,versions/v2_expansion.py,versions/opponent_strong.py,68,loss,-1,1,DONE,DONE
2026/05/28,V2_expansion,versions/v2_expansion.py,versions/opponent_strong.py,69,loss,-1,1,DONE,DONE
2026/05/28,V2_expansion,versions/v2_expansion.py,versions/opponent_strong.py,70,loss,-1,1,DONE,DONE
2026/05/28,V2_expansion,versions/v2_expansion.py,versions/opponent_strong.py,71,loss,-1,1,DONE,DONE
2026/05/28,V2_expansion,versions/v2_expansion.py,versions/opponent_strong.py,72,win,1,-1,DONE,DONE
2026/05/28,V2_expansion,versions/v2_expansion.py,versions/opponent_strong.py,73,win,1,-1,DONE,DONE
2026/05/28,V2_expansion,versions/v2_expansion.py,versions/opponent_strong.py,74,win,1,-1,DONE,DONE
2026/05/28,V2_expansion,versions/v2_expansion.py,versions/opponent_strong.py,75,win,1,-1,DONE,DONE
2026/05/28,V2_expansion,versions/v2_expansion.py,versions/opponent_strong.py,76,win,1,-1,DONE,DONE
2026/05/28,V2_expansion,versions/v2_expansion.py,versions/opponent_strong.py,77,win,1,-1,DONE,DONE
2026/05/28,V2_expansion,versions/v2_expansion.py,versions/opponent_strong.py,78,loss,-1,1,DONE,DONE
2026/05/28,V2_expansion,versions/v2_expansion.py,versions/opponent_strong.py,79,loss,-1,1,DONE,DONE
2026/05/28,V2_expansion,versions/v2_expansion.py,versions/opponent_strong.py,80,loss,-1,1,DONE,DONE
2026/05/28,V2_expansion,versions/v2_expansion.py,versions/opponent_strong.py,81,win,1,-1,DONE,DONE
2026/05/28,V2_expansion,versions/v2_expansion.py,versions/opponent_strong.py,82,loss,-1,1,DONE,DONE
2026/05/28,V2_expansion,versions/v2_expansion.py,versions/opponent_strong.py,83,win,1,-1,DONE,DONE
2026/05/28,V2_expansion,versions/v2_expansion.py,versions/opponent_strong.py,84,loss,-1,1,DONE,DONE
2026/05/28,V2_expansion,versions/v2_expansion.py,versions/opponent_strong.py,85,loss,-1,1,DONE,DONE
2026/05/28,V2_expansion,versions/v2_expansion.py,versions/opponent_strong.py,86,win,1,-1,DONE,DONE
2026/05/28,V2_expansion,versions/v2_expansion.py,versions/opponent_strong.py,87,loss,-1,1,DONE,DONE
2026/05/28,V2_expansion,versions/v2_expansion.py,versions/opponent_strong.py,88,win,1,-1,DONE,DONE
2026/05/28,V2_expansion,versions/v2_expansion.py,versions/opponent_strong.py,89,win,1,-1,DONE,DONE
2026/05/28,V2_expansion,versions/v2_expansion.py,versions/opponent_strong.py,90,loss,-1,1,DONE,DONE
2026/05/28,V2_expansion,versions/v2_expansion.py,versions/opponent_strong.py,91,win,1,-1,DONE,DONE
2026/05/28,V2_expansion,versions/v2_expansion.py,versions/opponent_strong.py,92,win,1,-1,DONE,DONE
2026/05/28,V2_expansion,versions/v2_expansion.py,versions/opponent_strong.py,93,win,1,-1,DONE,DONE
2026/05/28,V2_expansion,versions/v2_expansion.py,versions/opponent_strong.py,94,loss,-1,1,DONE,DONE
2026/05/28,V2_expansion,versions/v2_expansion.py,versions/opponent_strong.py,95,win,1,-1,DONE,DONE
2026/05/28,V2_expansion,versions/v2_expansion.py,versions/opponent_strong.py,96,win,1,-1,DONE,DONE
2026/05/28,V2_expansion,versions/v2_expansion.py,versions/opponent_strong.py,97,win,1,-1,DONE,DONE
2026/05/28,V2_expansion,versions/v2_expansion.py,versions/opponent_strong.py,98,win,1,-1,DONE,DONE
2026/05/28,V2_expansion,versions/v2_expansion.py,versions/opponent_strong.py,99,loss,-1,1,DONE,DONE
